"Task","Cronbachs_Alpha"
"battery_cb_pitch_a",0.751559710952887
"battery_cb_formants_a",0.700796975337545
"battery_cb_dur_a",0.602609516863135
"battery_cb_risetime_a",0.764425584546781
"digit_cb_a",0.633692407456558
"lextale_cb_a",0.922678805089394
"melody_cronbach_alpha",0.919846724394167
"rhythm_cronbach_alpha",0.880498157912056
"flanker_alpha",0.927345293214467
